{
  "dev": {
    "awscloudformation": {
      "AuthRoleName": "amplify-goodneighbors-dev-f8faa-authRole",
      "UnauthRoleArn": "arn:aws:iam::637423470341:role/amplify-goodneighbors-dev-f8faa-unauthRole",
      "AuthRoleArn": "arn:aws:iam::637423470341:role/amplify-goodneighbors-dev-f8faa-authRole",
      "Region": "us-east-1",
      "DeploymentBucketName": "amplify-goodneighbors-dev-f8faa-deployment",
      "UnauthRoleName": "amplify-goodneighbors-dev-f8faa-unauthRole",
      "StackName": "amplify-goodneighbors-dev-f8faa",
      "StackId": "arn:aws:cloudformation:us-east-1:637423470341:stack/amplify-goodneighbors-dev-f8faa/10542080-f15f-11ee-af58-12305f431e79",
      "AmplifyAppId": "dx72kn7mmtq7p"
    },
    "categories": {
      "auth": {
        "goodneighborsbc6d1ce6": {}
      },
      "storage": {
        "s33a6fabff": {}
      }
    }
  }
}